{
  "label_metrics": {
    "amota": {
      "bicycle": 0.5161292584691196,
      "bus": 0.6111340077019312,
      "car": 0.6842555906171387,
      "motorcycle": 0.5078229750972868,
      "pedestrian": 0.5835598347226632,
      "trailer": 0.2747323504220737,
      "truck": 0.5072388222302127
    },
    "amotp": {
      "bicycle": 1.122337394867635,
      "bus": 1.1422091307150093,
      "car": 0.8345902942211957,
      "motorcycle": 1.1570898557025955,
      "pedestrian": 1.078272397761244,
      "trailer": 1.4414193518581535,
      "truck": 1.0798229429515547
    },
    "recall": {
      "bicycle": 0.564977420973407,
      "bus": 0.6737689393939394,
      "car": 0.7241113225988991,
      "motorcycle": 0.5508345978755691,
      "pedestrian": 0.6430004326790701,
      "trailer": 0.4531958762886598,
      "truck": 0.6062176165803109
    },
    "motar": {
      "bicycle": 0.8387096774193549,
      "bus": 0.8465346534653464,
      "car": 0.8295508725088205,
      "motorcycle": 0.8187732342007434,
      "pedestrian": 0.7800125313283208,
      "trailer": 0.5315645013723695,
      "truck": 0.668330464716007
    },
    "gt": {
      "bicycle": 1993.0,
      "bus": 2112.0,
      "car": 58317.0,
      "motorcycle": 1977.0,
      "pedestrian": 25423.0,
      "trailer": 2425.0,
      "truck": 9650.0
    },
    "mota": {
      "bicycle": 0.46964375313597595,
      "bus": 0.5667613636363636,
      "car": 0.5967042200387538,
      "motorcycle": 0.4456246838644411,
      "pedestrian": 0.4896747040081816,
      "trailer": 0.2395876288659794,
      "truck": 0.40238341968911917
    },
    "motp": {
      "bicycle": 0.5614553156815968,
      "bus": 0.7504788071377134,
      "car": 0.5104556483294095,
      "motorcycle": 0.569675083890099,
      "pedestrian": 0.7375649263899345,
      "trailer": 0.9110744839429253,
      "truck": 0.6593396918531704
    },
    "mt": {
      "bicycle": 59.0,
      "bus": 45.0,
      "car": 1959.0,
      "motorcycle": 43.0,
      "pedestrian": 716.0,
      "trailer": 36.0,
      "truck": 211.0
    },
    "ml": {
      "bicycle": 65.0,
      "bus": 31.0,
      "car": 1163.0,
      "motorcycle": 49.0,
      "pedestrian": 558.0,
      "trailer": 74.0,
      "truck": 207.0
    },
    "faf": {
      "bicycle": 12.738853503184714,
      "bus": 14.018087855297157,
      "car": 124.47771587743732,
      "motorcycle": 14.761544284632855,
      "pedestrian": 80.58296993344044,
      "trailer": 49.66052376333657,
      "truck": 50.77733860342556
    },
    "tp": {
      "bicycle": 1116.0,
      "bus": 1414.0,
      "car": 41948.0,
      "motorcycle": 1076.0,
      "pedestrian": 15960.0,
      "trailer": 1093.0,
      "truck": 5810.0
    },
    "fp": {
      "bicycle": 180.0,
      "bus": 217.0,
      "car": 7150.0,
      "motorcycle": 195.0,
      "pedestrian": 3511.0,
      "trailer": 512.0,
      "truck": 1927.0
    },
    "fn": {
      "bicycle": 867.0,
      "bus": 689.0,
      "car": 16089.0,
      "motorcycle": 888.0,
      "pedestrian": 9076.0,
      "trailer": 1326.0,
      "truck": 3800.0
    },
    "ids": {
      "bicycle": 10.0,
      "bus": 9.0,
      "car": 280.0,
      "motorcycle": 13.0,
      "pedestrian": 387.0,
      "trailer": 6.0,
      "truck": 40.0
    },
    "frag": {
      "bicycle": 7.0,
      "bus": 28.0,
      "car": 317.0,
      "motorcycle": 10.0,
      "pedestrian": 259.0,
      "trailer": 13.0,
      "truck": 62.0
    },
    "tid": {
      "bicycle": 1.2736842105263158,
      "bus": 1.0443037974683544,
      "car": 0.7037757882444531,
      "motorcycle": 1.819767441860465,
      "pedestrian": 0.9928691275167785,
      "trailer": 1.9166666666666667,
      "truck": 1.2338235294117648
    },
    "lgd": {
      "bicycle": 1.5894736842105264,
      "bus": 1.7911392405063291,
      "car": 1.0885558583106267,
      "motorcycle": 2.3255813953488373,
      "pedestrian": 1.6958892617449663,
      "trailer": 3.106060606060606,
      "truck": 1.714705882352941
    }
  },
  "eval_time": 2057.2752273082733,
  "cfg": {
    "tracking_names": [
      "bicycle",
      "bus",
      "car",
      "motorcycle",
      "pedestrian",
      "trailer",
      "truck"
    ],
    "pretty_tracking_names": {
      "bicycle": "Bicycle",
      "bus": "Bus",
      "car": "Car",
      "motorcycle": "Motorcycle",
      "pedestrian": "Pedestrian",
      "trailer": "Trailer",
      "truck": "Truck"
    },
    "tracking_colors": {
      "bicycle": "C9",
      "bus": "C2",
      "car": "C0",
      "motorcycle": "C6",
      "pedestrian": "C5",
      "trailer": "C3",
      "truck": "C1"
    },
    "class_range": {
      "car": 50,
      "truck": 50,
      "bus": 50,
      "trailer": 50,
      "pedestrian": 40,
      "motorcycle": 40,
      "bicycle": 40
    },
    "dist_fcn": "center_distance",
    "dist_th_tp": 2.0,
    "min_recall": 0.1,
    "max_boxes_per_sample": 500,
    "metric_worst": {
      "amota": 0.0,
      "amotp": 2.0,
      "recall": 0.0,
      "motar": 0.0,
      "mota": 0.0,
      "motp": 2.0,
      "mt": 0.0,
      "ml": -1.0,
      "faf": 500,
      "gt": -1,
      "tp": 0.0,
      "fp": -1.0,
      "fn": -1.0,
      "ids": -1.0,
      "frag": -1.0,
      "tid": 20,
      "lgd": 20
    },
    "num_thresholds": 40
  },
  "amota": 0.5264104056086323,
  "amotp": 1.1222487668681982,
  "recall": 0.6023008866271222,
  "motar": 0.7590679907158518,
  "gt": 14556.714285714286,
  "mota": 0.45862568189125924,
  "motp": 0.6714348510321212,
  "mt": 3069.0,
  "ml": 2147.0,
  "faf": 49.57386197439352,
  "tp": 68417.0,
  "fp": 13692.0,
  "fn": 32735.0,
  "ids": 745.0,
  "frag": 696.0,
  "tid": 1.2835557945278284,
  "lgd": 1.9016294183621187,
  "meta": {
    "use_camera": false,
    "use_lidar": true,
    "use_radar": false,
    "use_map": false,
    "use_external": false
  }
}